,Date,Open,High,Low,Close,Volume,Dividends,Stock Splits
0,2022-12-01 00:00:00-05:00,67.2866298417118,68.15123136431575,66.58355214391908,66.68806457519531,2520300,0.0,0.0
1,2022-12-02 00:00:00-05:00,65.79495737183356,66.29851328650449,65.05387453524266,65.69044494628906,2811700,0.0,0.0
2,2022-12-05 00:00:00-05:00,65.2343961166104,65.5384302811305,65.00636505666061,65.2533950805664,2151400,0.0,0.0
3,2022-12-06 00:00:00-05:00,65.25338198827372,65.93746053337856,65.15837269006356,65.8614501953125,2526600,0.0,0.0
4,2022-12-07 00:00:00-05:00,66.06098144236802,66.3270104152971,65.09187486259125,65.43391418457031,2659400,0.0,0.0
5,2022-12-08 00:00:00-05:00,65.3198993435726,66.47903180808699,65.14887968079596,66.32701110839844,2160600,0.0,0.0
6,2022-12-09 00:00:00-05:00,66.19399035540027,66.89707515179516,66.00397174752045,66.35550689697266,3793100,0.0,0.0
7,2022-12-12 00:00:00-05:00,66.99208545978372,68.03720231627702,66.47902651232441,68.01819610595703,1967300,0.0,0.0
8,2022-12-13 00:00:00-05:00,68.82579648044779,69.34835130829131,67.30561852991399,68.02770233154297,3171000,0.0,0.0
9,2022-12-14 00:00:00-05:00,68.25573524730117,68.89231292988549,67.24862338190147,67.69517517089844,2551600,0.0,0.0
10,2022-12-15 00:00:00-05:00,67.41962884200645,67.66665882719458,66.74505337172879,67.09659576416016,3265700,0.0,0.0
11,2022-12-16 00:00:00-05:00,66.75455122647791,66.80205224956026,65.32939005660538,66.43151092529297,6745300,0.0,0.0
12,2022-12-19 00:00:00-05:00,66.44101766748949,66.9825786517453,65.52891533867682,65.93746185302734,2150300,0.0,0.0
13,2022-12-20 00:00:00-05:00,66.02297973632812,66.32701389975449,65.40540830315845,66.02297973632812,2208800,0.0,0.0
14,2022-12-21 00:00:00-05:00,66.23199224625047,66.94457286362352,66.0799788172249,66.8970718383789,1774600,0.0,0.0
15,2022-12-22 00:00:00-05:00,66.62154708315617,66.78306363439435,65.3579022437724,66.5360336303711,1870600,0.0,0.0
16,2022-12-23 00:00:00-05:00,66.45053162188402,67.41013513306001,66.34601920007339,67.3911361694336,1201300,0.0,0.0
17,2022-12-27 00:00:00-05:00,67.44814234744885,68.14172414508546,67.05860196699261,67.99920654296875,1580600,0.0,0.0
18,2022-12-28 00:00:00-05:00,68.18861375171016,68.5138718829714,67.4807092992156,67.50940704345703,1513700,0.488,0.0
19,2022-12-29 00:00:00-05:00,67.81552292494935,68.40863635189777,67.79639352985882,67.98771667480469,1398000,0.0,0.0
20,2022-12-30 00:00:00-05:00,67.82509001225864,67.98771541229374,66.4953744735999,67.06935119628906,1597000,0.0,0.0
21,2023-01-03 00:00:00-05:00,66.78236384275098,67.44244113405446,65.83530181934508,67.03108978271484,2684500,0.0,0.0
22,2023-01-04 00:00:00-05:00,67.35634575855863,68.14078234560309,67.08848313254687,67.60506439208984,2265900,0.0,0.0
23,2023-01-05 00:00:00-05:00,66.88758466111524,67.4041658667832,65.98835719807208,66.23707580566406,2104500,0.0,0.0
24,2023-01-06 00:00:00-05:00,67.10761558785504,68.47559717991315,67.03108341382847,68.19817352294922,2976200,0.0,0.0
25,2023-01-09 00:00:00-05:00,67.90163068471055,69.3461373695514,67.86336459194173,68.85826110839844,2707800,0.0,0.0
26,2023-01-10 00:00:00-05:00,68.69563579121922,69.05916006243608,68.37038491540592,68.98262786865234,3027500,0.0,0.0
27,2023-01-11 00:00:00-05:00,69.1356745059589,69.80532015256371,69.12611345706513,69.6235580444336,2883700,0.0,0.0
28,2023-01-12 00:00:00-05:00,69.48005293404196,69.75747658437552,68.66691867534544,68.82954406738281,3099400,0.0,0.0
29,2023-01-13 00:00:00-05:00,68.50430902754228,68.67650280530675,67.66247683542218,68.08338928222656,2624200,0.0,0.0
30,2023-01-17 00:00:00-05:00,67.91118961660511,68.56169857637097,67.62420487755324,68.00685119628906,2838600,0.0,0.0
31,2023-01-18 00:00:00-05:00,68.00683583372174,68.04510191665325,65.66309481761172,65.77789306640625,2860100,0.0,0.0
32,2023-01-19 00:00:00-05:00,65.69179806516246,65.82572571740157,64.94562763168463,65.05085754394531,2117400,0.0,0.0
33,2023-01-20 00:00:00-05:00,64.7351792903757,65.63441422793107,64.04640421467462,65.57701873779297,2821100,0.0,0.0
34,2023-01-23 00:00:00-05:00,65.14652566267684,65.72050241550673,64.76387206128678,65.06043243408203,2553100,0.0,0.0
35,2023-01-24 00:00:00-05:00,65.06043901902035,65.672681923807,64.36209557841403,65.3761215209961,2030600,0.0,0.0
36,2023-01-25 00:00:00-05:00,65.39524760000401,65.5865707397461,64.52471052760467,65.5865707397461,2527600,0.0,0.0
37,2023-01-26 00:00:00-05:00,64.74474113982781,66.46667865625018,64.74474113982781,65.81616973876953,3699800,0.0,0.0
38,2023-01-27 00:00:00-05:00,65.51005367817831,66.0266276768102,64.8691057567076,65.46221923828125,3497200,0.0,0.0
39,2023-01-30 00:00:00-05:00,65.17522026345408,65.7970314234217,64.99346546790173,65.14652252197266,3088200,0.0,0.0
40,2023-01-31 00:00:00-05:00,65.28046259399946,65.86400777678023,64.56298972649965,65.7874755859375,2908900,0.0,0.0
41,2023-02-01 00:00:00-05:00,65.41438298214574,66.85889690450189,65.16566433741707,66.5910415649414,2995400,0.0,0.0
42,2023-02-02 00:00:00-05:00,66.53365184089148,67.1650241533318,65.88314283196166,66.543212890625,3074400,0.0,0.0
43,2023-02-03 00:00:00-05:00,66.04577192553647,66.29449790412735,64.1038131392004,65.03174591064453,2938300,0.0,0.0
44,2023-02-06 00:00:00-05:00,64.97433037584739,65.85442852934762,64.77343888201648,65.81616973876953,1964500,0.0,0.0
45,2023-02-07 00:00:00-05:00,65.68224003025313,66.10315240009281,64.81170295225901,65.89269256591797,2909700,0.0,0.0
46,2023-02-08 00:00:00-05:00,65.46221121293821,65.46221121293821,64.66820631845748,64.90736389160156,2276000,0.0,0.0
47,2023-02-09 00:00:00-05:00,64.90737306639306,65.37611993243102,64.26643243141102,64.40036010742188,2926500,0.0,0.0
48,2023-02-10 00:00:00-05:00,64.67777690180908,65.6057094854617,64.35251879585911,65.51004791259766,2015200,0.0,0.0
49,2023-02-13 00:00:00-05:00,65.50047517291169,66.14141569647677,65.45264074043264,65.73006439208984,1970500,0.0,0.0
50,2023-02-14 00:00:00-05:00,65.92141258549685,65.98837642990459,64.94564536868506,65.03174591064453,2455600,0.0,0.0
51,2023-02-15 00:00:00-05:00,64.58212253992293,65.00303496722415,64.23773500035131,64.95520782470703,2810200,0.0,0.0
52,2023-02-16 00:00:00-05:00,64.2185899319146,64.72561012577148,63.69244764175713,64.34295654296875,2870600,0.0,0.0
53,2023-02-17 00:00:00-05:00,64.5342828198569,65.34741716124178,63.96987441415211,65.06043243408203,2308000,0.0,0.0
54,2023-02-21 00:00:00-05:00,64.6873509268241,64.90737183387354,64.22816511885566,64.28556060791016,2664000,0.0,0.0
55,2023-02-22 00:00:00-05:00,64.22815679557044,64.79257245933707,63.673309478243205,63.79767608642578,2080600,0.0,0.0
56,2023-02-23 00:00:00-05:00,63.99857570154188,64.16120111912369,63.14717522301262,63.45329666137695,2415800,0.0,0.0
57,2023-02-24 00:00:00-05:00,62.95583724975586,63.26195865158981,62.48709044974668,62.95583724975586,2293000,0.0,0.0
58,2023-02-27 00:00:00-05:00,63.281105803452405,63.82638486866899,62.29577760652692,62.56363296508789,1820300,0.0,0.0
59,2023-02-28 00:00:00-05:00,62.400998497590884,62.7836447837943,61.59742523984154,61.76961898803711,3297700,0.0,0.0
60,2023-03-01 00:00:00-05:00,61.41566381967372,61.61656261020076,60.17204877882964,60.5260009765625,3197400,0.0,0.0
61,2023-03-02 00:00:00-05:00,60.46860518189936,61.66439315171665,60.34424586050217,61.54959487915039,2443200,0.0,0.0
62,2023-03-03 00:00:00-05:00,61.83658513189996,62.30533195899671,61.01388244845893,62.276634216308594,2790100,0.0,0.0
63,2023-03-06 00:00:00-05:00,61.913119578539536,62.73582229210625,61.90355123112301,62.22880935668945,2328200,0.0,0.0
64,2023-03-07 00:00:00-05:00,62.30533224909983,62.52536044158381,60.67906356877793,60.85125732421875,3223400,0.0,0.0
65,2023-03-08 00:00:00-05:00,61.00431650002478,61.73135394417544,60.80342500681599,61.60699462890625,2825500,0.0,0.0
66,2023-03-09 00:00:00-05:00,61.93224781202261,62.70712337097885,61.08084737070281,61.4635009765625,3239100,0.0,0.0
67,2023-03-10 00:00:00-05:00,61.626125810576525,61.7504924279611,60.124216442897506,60.478172302246094,3111700,0.0,0.0
68,2023-03-13 00:00:00-04:00,60.65036506517849,63.42459451314367,60.59296593099981,62.46796417236328,4978500,0.0,0.0
69,2023-03-14 00:00:00-04:00,62.38117622821247,63.576917800992234,62.38117622821247,63.104408264160156,3794100,0.52,0.0
70,2023-03-15 00:00:00-04:00,62.68975429791265,65.35124286600342,62.68975429791265,64.90766143798828,4601300,0.0,0.0
71,2023-03-16 00:00:00-04:00,64.59907922540495,65.82375618061467,64.44479356004167,64.84015655517578,4175400,0.0,0.0
72,2023-03-17 00:00:00-04:00,63.711915660311675,64.96552070305893,63.40333697615643,64.49300384521484,7941100,0.0,0.0
73,2023-03-20 00:00:00-04:00,64.67623875494793,65.36089762645665,64.51230790341016,64.98481750488281,2906300,0.0,0.0
74,2023-03-21 00:00:00-04:00,65.01373806215898,65.03302837015691,62.03402554390522,63.16226577758789,3796100,0.0,0.0
75,2023-03-22 00:00:00-04:00,63.04654721087512,63.34548813380545,61.821877484989606,61.860450744628906,3446200,0.0,0.0
76,2023-03-23 00:00:00-04:00,61.648301104275866,62.32331475094114,60.722564950093364,61.05043029785156,3184600,0.0,0.0
77,2023-03-24 00:00:00-04:00,61.18543162189495,63.22976650173139,61.09864362952438,63.21048355102539,2713100,0.0,0.0
78,2023-03-27 00:00:00-04:00,63.44192112453838,63.6926436475571,62.7958355431992,62.95976638793945,2912900,0.0,0.0
79,2023-03-28 00:00:00-04:00,62.786183446251876,63.71191955531207,62.67046367370812,63.065834045410156,1983000,0.0,0.0
80,2023-03-29 00:00:00-04:00,63.54798847049092,64.23264723512554,63.441913852030964,64.16514587402344,2450000,0.0,0.0
81,2023-03-30 00:00:00-04:00,64.31943830637942,64.71480871802872,63.95300335861208,64.5219497680664,1993900,0.0,0.0
82,2023-03-31 00:00:00-04:00,64.77266759236856,65.55376329312615,64.39658747452506,65.03303527832031,5987700,0.0,0.0
83,2023-04-03 00:00:00-04:00,64.92694706309975,65.67910714145181,64.5219389220019,65.11016082763672,3890600,0.0,0.0
84,2023-04-04 00:00:00-04:00,65.11981041415011,66.05519167781817,64.97516253759687,66.00697326660156,3180400,0.0,0.0
85,2023-04-05 00:00:00-04:00,66.45056501277057,68.74561876133723,66.40234659940403,68.5816879272461,4231500,0.0,0.0
86,2023-04-06 00:00:00-04:00,69.07347795268905,69.3917018124647,68.18631509249326,68.72632598876953,2476200,0.0,0.0
87,2023-04-10 00:00:00-04:00,68.35989279075471,68.446684462462,67.26058066310823,68.23453521728516,1722400,0.0,0.0
88,2023-04-11 00:00:00-04:00,68.16703267692539,68.77454494000266,68.0513129023454,68.5045394897461,1956300,0.0,0.0
89,2023-04-12 00:00:00-04:00,68.62025926432608,69.0156222858884,68.24417183621532,68.5045394897461,2729000,0.0,0.0
90,2023-04-13 00:00:00-04:00,68.16703267692539,68.58168600613274,66.99057405186745,68.5045394897461,2530100,0.0,0.0
91,2023-04-14 00:00:00-04:00,67.57880150769171,67.85845210408748,67.16414818987681,67.63665771484375,2314600,0.0,0.0
92,2023-04-17 00:00:00-04:00,67.98381004934043,68.33096200837288,67.18343151284361,67.81023406982422,1760100,0.0,0.0
93,2023-04-18 00:00:00-04:00,67.65595075472146,67.98381241795475,67.00022007115803,67.27022552490234,1531900,0.0,0.0
94,2023-04-19 00:00:00-04:00,67.6752393573047,68.22489546464409,67.48238040483727,68.07060241699219,1449900,0.0,0.0
95,2023-04-20 00:00:00-04:00,68.33096880608053,68.62990238389278,67.70416618674429,68.16703796386719,2255600,0.0,0.0
96,2023-04-21 00:00:00-04:00,68.29239932134367,68.7166978607445,67.69452477556045,67.92596435546875,1909400,0.0,0.0
97,2023-04-24 00:00:00-04:00,67.85845555275169,68.66847192243264,67.54987683709749,68.4948959350586,2196500,0.0,0.0
98,2023-04-25 00:00:00-04:00,68.49490136158347,68.77455199434688,68.30204240793164,68.6395492553711,2036100,0.0,0.0
99,2023-04-26 00:00:00-04:00,68.12845835192766,68.4370370555456,67.08700246830587,67.19307708740234,2637600,0.0,0.0
100,2023-04-27 00:00:00-04:00,67.80059142674108,67.8970282522294,66.74949771420924,67.75238037109375,2716400,0.0,0.0
101,2023-04-28 00:00:00-04:00,67.90667137974597,68.19596716472688,66.87486053705699,67.41487884521484,2281200,0.0,0.0
102,2023-05-01 00:00:00-04:00,67.28950830399391,68.08024171241175,67.0773590602799,67.66558837890625,2262400,0.0,0.0
103,2023-05-02 00:00:00-04:00,67.45344299307308,67.60773603627027,66.1805548150853,66.63378143310547,2159400,0.0,0.0
104,2023-05-03 00:00:00-04:00,66.80735116233764,67.12557501626289,65.90089801131292,66.05519104003906,2428700,0.0,0.0
105,2023-05-04 00:00:00-04:00,66.14197996653664,67.07736128644815,65.50553957136923,66.64342498779297,3463900,0.0,0.0
106,2023-05-05 00:00:00-04:00,66.17090708986677,67.1062809347978,66.12268868182773,67.08699798583984,2147900,0.0,0.0
107,2023-05-08 00:00:00-04:00,66.86521495906713,67.35701484758255,66.55663622368631,66.84593200683594,2171000,0.0,0.0
108,2023-05-09 00:00:00-04:00,66.56627846804629,66.76878256455852,66.28662785178739,66.64342498779297,2102800,0.0,0.0
109,2023-05-10 00:00:00-04:00,66.95200247190894,67.22200792893352,66.23841557018727,66.82664489746094,2963100,0.0,0.0
110,2023-05-11 00:00:00-04:00,66.68199650130599,66.93271900536789,65.87197277937405,66.17091369628906,2850100,0.0,0.0
111,2023-05-12 00:00:00-04:00,66.51806608632332,66.91342911723153,66.08412243921303,66.4312744140625,2295800,0.0,0.0
112,2023-05-15 00:00:00-04:00,66.65306526778159,66.67234821775959,65.03302525705818,65.48625183105469,1708600,0.0,0.0
113,2023-05-16 00:00:00-04:00,65.57303573155345,65.65018224517608,64.18442791473204,64.2133560180664,1770200,0.0,0.0
114,2023-05-17 00:00:00-04:00,64.27121647616448,64.37729108799583,63.364763377640756,63.682987213134766,2118000,0.0,0.0
115,2023-05-18 00:00:00-04:00,63.23941143683776,63.54799014674363,62.82475810567393,63.51906204223633,2403900,0.0,0.0
116,2023-05-19 00:00:00-04:00,63.69263933316429,64.12657562387051,63.45156198119485,63.57691955566406,2068500,0.0,0.0
117,2023-05-22 00:00:00-04:00,63.924076013282736,64.14586307267156,63.239417168534395,63.52870559692383,1857400,0.0,0.0
118,2023-05-23 00:00:00-04:00,63.2876233993092,64.03014575876014,63.10440961577069,63.24905014038086,3966300,0.0,0.0
119,2023-05-24 00:00:00-04:00,63.39370269473172,63.78907311006661,62.79583553001691,62.80547332763672,3562000,0.0,0.0
120,2023-05-25 00:00:00-04:00,62.30403159792038,62.40046106754627,61.49401154599812,61.995452880859375,3706100,0.0,0.0
121,2023-05-26 00:00:00-04:00,61.88937700406239,62.08223593940933,61.17578643621415,62.02437973022461,2954000,0.0,0.0
122,2023-05-30 00:00:00-04:00,61.976163166449794,62.429389770840324,61.725448014439856,61.860450744628906,2339800,0.0,0.0
123,2023-05-31 00:00:00-04:00,62.014739867082696,63.13334238739896,61.78330765350249,62.95976638793945,3553600,0.0,0.0
124,2023-06-01 00:00:00-04:00,63.18155126133579,63.23941483055239,60.89614259745205,61.281864166259766,5573200,0.0,0.0
125,2023-06-02 00:00:00-04:00,59.44002961242827,61.32043363970092,58.668582843906975,60.88649368286133,7404200,0.0,0.0
126,2023-06-05 00:00:00-04:00,60.84792207763414,62.25581292824713,60.84792207763414,61.66758728027344,3168700,0.0,0.0
127,2023-06-06 00:00:00-04:00,61.97616284396557,62.140101035853824,61.0311437375595,61.291507720947266,3062900,0.0,0.0
128,2023-06-07 00:00:00-04:00,61.64830124608973,62.304031943114545,61.1082866489668,62.01473617553711,3953800,0.0,0.0
129,2023-06-08 00:00:00-04:00,62.5065340514331,62.5065340514331,60.0668324841276,61.85080337524414,6888200,0.0,0.0
130,2023-06-09 00:00:00-04:00,61.638655352657025,61.74472997569004,60.77077909597939,61.18543243408203,3342600,0.0,0.0
131,2023-06-12 00:00:00-04:00,61.23364228760861,61.3493583768988,60.76112909863911,61.301143646240234,2486400,0.0,0.0
132,2023-06-13 00:00:00-04:00,61.040784776489694,61.252934023335854,60.72256458476893,60.876853942871094,4272600,0.0,0.0
133,2023-06-14 00:00:00-04:00,61.08103691631737,61.810275660503684,60.63377137673378,60.76017379760742,5341900,0.52,0.0
134,2023-06-15 00:00:00-04:00,61.16854398238143,62.928441437139995,60.731000006435934,62.539512634277344,6034500,0.0,0.0
135,2023-06-16 00:00:00-04:00,62.646469594382054,62.94788589946961,62.033908014820206,62.15058517456055,6372600,0.0,0.0
136,2023-06-20 00:00:00-04:00,62.04363679682785,62.228375952661224,60.86712874505666,61.324119567871094,3502800,0.0,0.0
137,2023-06-21 00:00:00-04:00,60.77961729851424,61.17826766625186,59.84619259002129,61.07131576538086,3487300,0.0,0.0
138,2023-06-22 00:00:00-04:00,61.28522001478214,61.460237601948094,60.419857338850406,61.0226936340332,3023200,0.0,0.0
139,2023-06-23 00:00:00-04:00,61.29495165355968,61.36301364352957,60.02121323865125,60.3809700012207,5325300,0.0,0.0
140,2023-06-26 00:00:00-04:00,60.4879218748804,61.30466941309578,60.069824700014195,61.119930267333984,4010800,0.0,0.0
141,2023-06-27 00:00:00-04:00,61.14909563118497,61.285219596028405,60.6823833049647,60.711551666259766,3287600,0.0,0.0
142,2023-06-28 00:00:00-04:00,60.72128122054334,60.77961794725927,59.418374493452525,59.544776916503906,2965400,0.0,0.0
143,2023-06-29 00:00:00-04:00,59.019719676622564,59.865635532197814,58.71829967792341,59.593387603759766,2881900,0.0,0.0
144,2023-06-30 00:00:00-04:00,59.5836653060674,60.53653681207069,59.564218494626516,60.44902801513672,3298700,0.0,0.0
145,2023-07-03 00:00:00-04:00,60.312907220558415,61.27550403752778,60.283738856410935,61.236610412597656,1375000,0.0,0.0
146,2023-07-05 00:00:00-04:00,61.11992886590586,62.199202771204355,60.906017653223294,62.02418518066406,4555300,0.0,0.0
147,2023-07-06 00:00:00-04:00,61.625535901178516,62.257540581062614,61.00325277244954,61.99501419067383,5359700,0.0,0.0
148,2023-07-07 00:00:00-04:00,61.54774883533841,61.6741512553245,61.129651661545985,61.187992095947266,3730900,0.0,0.0
149,2023-07-10 00:00:00-04:00,61.30466988754474,61.6838734423116,60.63377157596491,60.91574478149414,4047400,0.0,0.0
150,2023-07-11 00:00:00-04:00,61.09076076613473,61.40190232640888,60.83795593022449,61.37273025512695,2878800,0.0,0.0
151,2023-07-12 00:00:00-04:00,61.35328318055962,62.47145070800038,61.35328318055962,62.02418518066406,3137700,0.0,0.0
152,2023-07-13 00:00:00-04:00,61.89778112580771,62.56867939906425,61.751931901182445,62.54923629760742,2925000,0.0,0.0
153,2023-07-14 00:00:00-04:00,62.461725955333264,62.80203587909287,61.84916809256598,62.49089431762695,2500500,0.0,0.0
154,2023-07-17 00:00:00-04:00,62.44228685505622,62.44228685505622,61.450521673410044,61.460243225097656,2881600,0.0,0.0
155,2023-07-18 00:00:00-04:00,61.67415109728158,62.092248270002614,60.54626199878066,61.25605392456055,3332500,0.0,0.0
156,2023-07-19 00:00:00-04:00,61.3630135760643,62.40339394628907,61.3630135760643,61.63526153564453,3602400,0.0,0.0
157,2023-07-20 00:00:00-04:00,62.033905040353716,62.93816503955807,61.55747116395018,62.772865295410156,3484200,0.0,0.0
158,2023-07-21 00:00:00-04:00,63.05484531423125,63.57989812840684,62.76315425182293,63.40488052368164,10530000,0.0,0.0
159,2023-07-24 00:00:00-04:00,63.28819837226255,63.667409356691465,62.87010859972369,63.278480529785156,2837200,0.0,0.0
160,2023-07-25 00:00:00-04:00,63.268752177452036,63.55072537772536,63.02567259978883,63.16179656982422,3247000,0.0,0.0
161,2023-07-26 00:00:00-04:00,63.11318937524708,63.80353453233313,62.94788961342045,63.24931335449219,2529800,0.0,0.0
162,2023-07-27 00:00:00-04:00,62.821485579827865,62.97705264943125,60.80878700762242,61.1296501159668,4046300,0.0,0.0
163,2023-07-28 00:00:00-04:00,61.35328722337588,62.08252599564628,61.012977279956445,61.14910125732422,4227300,0.0,0.0
164,2023-07-31 00:00:00-04:00,61.236606033520374,61.54774759251095,60.70183171082406,60.993526458740234,3600500,0.0,0.0
165,2023-08-01 00:00:00-04:00,60.99352563353873,61.46023796571029,60.7698928728586,61.11020278930664,3826700,0.0,0.0
166,2023-08-02 00:00:00-04:00,61.04214353558968,61.48941278605003,60.799063953228654,61.13937759399414,3139800,0.0,0.0
167,2023-08-03 00:00:00-04:00,60.87685010638535,61.04214243905357,59.46698781219755,59.62255859375,4053200,0.0,0.0
168,2023-08-04 00:00:00-04:00,59.5739448541064,60.29345834519495,58.533564531972885,58.71830368041992,3406500,0.0,0.0
169,2023-08-07 00:00:00-04:00,58.84470743694845,58.99055296510332,58.057128232151506,58.105743408203125,4222100,0.0,0.0
170,2023-08-08 00:00:00-04:00,58.09602269194823,58.144637868698844,57.29872192411729,57.98906707763672,3831600,0.0,0.0
171,2023-08-09 00:00:00-04:00,57.95989422992856,58.65023933004646,57.8334918128746,58.03767776489258,3892800,0.0,0.0
172,2023-08-10 00:00:00-04:00,58.50439109485459,58.66968713674578,57.64875365022967,57.85293960571289,2535700,0.0,0.0
173,2023-08-11 00:00:00-04:00,57.99879006807235,58.271038014498814,57.745985224304846,58.04740524291992,2901100,0.0,0.0
174,2023-08-14 00:00:00-04:00,58.07656967723913,58.09601648768263,57.09452985899102,57.600135803222656,3166100,0.0,0.0
175,2023-08-15 00:00:00-04:00,57.35705851293496,57.35705851293496,56.45280219146945,56.511138916015625,3004000,0.0,0.0
176,2023-08-16 00:00:00-04:00,56.65699024875818,57.07508743265928,56.6375434368209,56.81256103515625,3099300,0.0,0.0
177,2023-08-17 00:00:00-04:00,56.851455708007194,57.25982763892455,56.443080067989655,56.559757232666016,4337500,0.0,0.0
178,2023-08-18 00:00:00-04:00,56.68615635146847,57.03619153417976,56.47224884688932,56.579200744628906,3559900,0.0,0.0
179,2023-08-21 00:00:00-04:00,56.5208639723135,56.73477147671125,55.645776016277345,56.355567932128906,3132200,0.0,0.0
180,2023-08-22 00:00:00-04:00,55.78189789402802,56.48196823261252,55.65549918997235,56.34584426879883,3142600,0.0,0.0
181,2023-08-23 00:00:00-04:00,56.40418737576542,56.443081001000515,55.29574502026684,55.92775344848633,8610700,0.0,0.0
182,2023-08-24 00:00:00-04:00,55.956918474184405,56.452802893594274,55.111002575844076,55.43186569213867,5780900,0.0,0.0
183,2023-08-25 00:00:00-04:00,55.5096539967296,56.238892749335555,55.41242364668884,55.98609161376953,7705600,0.0,0.0
184,2023-08-28 00:00:00-04:00,56.2583367101666,56.540309903735405,56.054150759968465,56.24861145019531,3982200,0.0,0.0
185,2023-08-29 00:00:00-04:00,56.1805482348109,56.725047799165495,55.91802185784171,56.34584426879883,4614900,0.0,0.0
186,2023-08-30 00:00:00-04:00,56.2777888501142,56.62782406022822,55.83051957657947,56.08332443237305,2583500,0.0,0.0
187,2023-08-31 00:00:00-04:00,56.355571972435364,56.472252847672046,55.52910283956016,55.54854965209961,3983700,0.0,0.0
188,2023-09-01 00:00:00-04:00,55.898584491166694,55.93747440688902,54.52761574352411,54.945709228515625,2848100,0.0,0.0
189,2023-09-05 00:00:00-04:00,54.935983663845505,54.9554304748362,53.5844618273414,54.05117416381836,4170400,0.0,0.0
190,2023-09-06 00:00:00-04:00,54.245640244345076,54.7998613928917,53.983113851491396,54.78041458129883,3815400,0.0,0.0
191,2023-09-07 00:00:00-04:00,55.21796124833427,55.54854964325174,54.78041723901699,55.03321838378906,3554900,0.0,0.0
192,2023-09-08 00:00:00-04:00,55.130447132923834,55.58743420163219,54.945704286184395,55.490203857421875,3627800,0.0,0.0
193,2023-09-11 00:00:00-04:00,55.49993434730798,56.054155521553255,55.42214709732958,55.84024429321289,5586300,0.0,0.0
194,2023-09-12 00:00:00-04:00,55.77218056395462,55.91802608946343,55.39297700489156,55.6263313293457,4702400,0.0,0.0
195,2023-09-13 00:00:00-04:00,55.69438981699126,56.76394214902056,55.66522145554224,56.5208625793457,6006000,0.0,0.0
196,2023-09-14 00:00:00-04:00,56.80538408815245,57.639313078209746,56.78576174522908,57.57063674926758,5419600,0.52,0.0
197,2023-09-15 00:00:00-04:00,57.47252610205383,57.87477475681128,56.815190743745376,56.87405776977539,9226000,0.0,0.0
198,2023-09-18 00:00:00-04:00,56.854439700237876,57.15857666780045,56.53067664661139,56.89368438720703,4445300,0.0,0.0
199,2023-09-19 00:00:00-04:00,56.89368296645845,57.69818031633946,56.70727257929969,57.41366195678711,7856000,0.0,0.0
200,2023-09-20 00:00:00-04:00,57.78647714169069,59.09133109720313,57.43328246423495,58.82643508911133,7670600,0.0,0.0
201,2023-09-21 00:00:00-04:00,58.865681993402205,59.16000965485336,58.20835034091393,58.25740432739258,4904800,0.0,0.0
202,2023-09-22 00:00:00-04:00,57.99250665311983,59.06189999516261,57.90420798294826,58.60078430175781,4904300,0.0,0.0
203,2023-09-25 00:00:00-04:00,58.11023540933877,58.433998438822265,57.51176707671465,58.36532211303711,3617800,0.0,0.0
204,2023-09-26 00:00:00-04:00,58.35551304138335,58.35551304138335,56.324647286228156,56.628787994384766,6275500,0.0,0.0
205,2023-09-27 00:00:00-04:00,56.501242623494036,56.618972936864715,55.71636763005758,56.12842559814453,4481200,0.0,0.0
206,2023-09-28 00:00:00-04:00,56.344267576675,56.51105187525938,55.0197912602936,55.79485321044922,4362200,0.0,0.0
207,2023-09-29 00:00:00-04:00,56.3344567632304,56.69746450259454,55.71636978717015,56.138240814208984,4078900,0.0,0.0
208,2023-10-02 00:00:00-04:00,56.01069172182152,56.01069172182152,53.538332842833995,53.9896354675293,4875400,0.0,0.0
209,2023-10-03 00:00:00-04:00,53.39117203386434,54.980548150151165,52.71421803494319,54.78432846069336,5161400,0.0,0.0
210,2023-10-04 00:00:00-04:00,54.84319614257914,55.61825812415771,54.3330264409529,55.55939483642578,3948700,0.0,0.0
211,2023-10-05 00:00:00-04:00,55.559393331116446,55.657501303064436,54.75489598488939,55.412227630615234,3835400,0.0,0.0
212,2023-10-06 00:00:00-04:00,55.22581963736939,56.589540624050045,54.58810660755309,56.265777587890625,6337200,0.0,0.0
213,2023-10-09 00:00:00-04:00,56.18729116913242,56.648406853197585,55.95182680591769,56.56010818481445,2702100,0.0,0.0
214,2023-10-10 00:00:00-04:00,56.44237385937998,57.070273834815254,56.32464354963063,56.96235656738281,3117900,0.0,0.0
215,2023-10-11 00:00:00-04:00,57.30573798317349,57.776662962993655,56.84462230305458,57.698177337646484,3116400,0.0,0.0
216,2023-10-12 00:00:00-04:00,57.3940369952808,57.66874229951325,56.67783835026114,57.050655364990234,4775600,0.0,0.0
217,2023-10-13 00:00:00-04:00,57.403848955696944,58.22796864917114,57.21744231098202,57.74723434448242,3732700,0.0,0.0
218,2023-10-16 00:00:00-04:00,58.061184887133074,58.80681521550249,57.511770505517156,58.43400192260742,3184700,0.0,0.0
219,2023-10-17 00:00:00-04:00,58.1004264963188,58.64002780647036,57.757041122528484,58.38494110107422,3778800,0.0,0.0
220,2023-10-18 00:00:00-04:00,58.43399864071307,58.74794862898108,57.68836461164226,58.20834732055664,3830700,0.0,0.0
221,2023-10-19 00:00:00-04:00,58.14948155143493,58.82643552653944,57.89439484134048,57.93363952636719,4442300,0.0,0.0
222,2023-10-20 00:00:00-04:00,57.904207393224375,58.286833712544635,56.94273507369218,57.0015983581543,4224800,0.0,0.0
223,2023-10-23 00:00:00-04:00,56.76613852499338,57.51176883166154,56.03031751834569,56.952545166015625,4854200,0.0,0.0
224,2023-10-24 00:00:00-04:00,57.28611979672259,58.18872888045405,57.276310496309776,57.963077545166016,3854000,0.0,0.0
225,2023-10-25 00:00:00-04:00,57.923832103737745,58.541919071334675,57.67855842824012,58.345703125,3133100,0.0,0.0
226,2023-10-26 00:00:00-04:00,58.50267724982146,59.41509560838873,58.443810221256754,58.64002990722656,3468000,0.0,0.0
227,2023-10-27 00:00:00-04:00,57.88458411590452,58.82643407787653,57.001597437443834,57.2076301574707,4310600,0.0,0.0
228,2023-10-30 00:00:00-04:00,57.65893298462517,57.972882972973906,57.001597623496885,57.62950134277344,3818400,0.0,0.0
229,2023-10-31 00:00:00-04:00,57.89439601179921,58.277026084676564,57.511769681501086,58.14948272705078,3832300,0.0,0.0
230,2023-11-01 00:00:00-04:00,58.129860430852844,59.67999183878029,57.68836707146976,59.39547348022461,5029500,0.0,0.0
231,2023-11-02 00:00:00-04:00,59.36603668863047,60.40599838359551,59.248306376442834,59.91545104980469,3961300,0.0,0.0
232,2023-11-03 00:00:00-04:00,60.759195999568014,60.84749467362149,59.856586915623616,59.8762092590332,3920600,0.0,0.0
233,2023-11-06 00:00:00-05:00,59.92526597524102,60.07242793445476,59.32679761039903,59.415096282958984,3139700,0.0,0.0
234,2023-11-07 00:00:00-05:00,59.56225509505727,59.56225509505727,58.57135114875616,58.69889450073242,3515300,0.0,0.0
235,2023-11-08 00:00:00-05:00,58.46343420296482,58.56154217741028,57.40385011457301,57.963077545166016,3953300,0.0,0.0
236,2023-11-09 00:00:00-05:00,57.914018856374376,58.26721354665648,57.413662206860906,57.59025955200195,3871700,0.0,0.0
237,2023-11-10 00:00:00-05:00,57.82572001545916,58.13967001866721,57.52158305505219,58.080806732177734,2912100,0.0,0.0
238,2023-11-13 00:00:00-05:00,57.884587045440064,58.18872774843108,57.0212226653147,57.16838836669922,2960500,0.0,0.0
239,2023-11-14 00:00:00-05:00,57.992506174249,59.35622715807644,57.943452189576334,59.16000747680664,4250000,0.0,0.0
240,2023-11-15 00:00:00-05:00,59.05208746319124,59.6113111315868,58.73813746488423,58.9539794921875,3439500,0.0,0.0
241,2023-11-16 00:00:00-05:00,59.56225375751844,59.82714975525334,59.11095112844965,59.55244445800781,3970800,0.0,0.0
242,2023-11-17 00:00:00-05:00,59.856585903179486,59.856585903179486,59.199254251683705,59.415096282958984,4327900,0.0,0.0
243,2023-11-20 00:00:00-05:00,59.091333405553065,59.11095574868703,58.15929269087534,58.9245491027832,6312100,0.0,0.0
244,2023-11-21 00:00:00-05:00,59.10114169715968,59.1600049792502,58.45361939611117,58.88529968261719,4139200,0.0,0.0
245,2023-11-22 00:00:00-05:00,59.08152289506525,59.32679656534688,58.64002954004246,59.28755187988281,4060400,0.0,0.0
246,2023-11-24 00:00:00-05:00,59.424900845286494,59.4445231867997,58.90492189421295,59.37584686279297,1357700,0.0,0.0
247,2023-11-27 00:00:00-05:00,59.434718040075076,59.611311640874696,58.73813796671218,59.30717468261719,2834500,0.0,0.0
248,2023-11-28 00:00:00-05:00,59.44452763404271,60.2784566265586,59.18944466044537,59.817344665527344,3667100,0.0,0.0
249,2023-11-29 00:00:00-05:00,59.88602005817181,59.99394107159121,58.669461010415645,58.86568069458008,4314000,0.0,0.0
250,2023-11-30 00:00:00-05:00,59.012846283057186,59.77809893303118,58.806813556651036,59.68980026245117,4797100,0.0,0.0
251,2023-12-01 00:00:00-05:00,59.78790820230621,60.327513268117166,59.37585023486423,60.268646240234375,2917700,0.0,0.0
252,2023-12-04 00:00:00-05:00,59.895830129394476,60.62184184737674,59.689801142529774,60.307891845703125,3606900,0.0,0.0
253,2023-12-05 00:00:00-05:00,60.4550552905884,60.543353964641874,59.7094249539207,59.8762092590332,3110400,0.0,0.0
254,2023-12-06 00:00:00-05:00,60.08224035259653,60.81806136875257,59.84677598069173,60.798439025878906,3779800,0.0,0.0
255,2023-12-07 00:00:00-05:00,60.85730041378836,61.102574078190315,60.29807675835823,60.386375427246094,3749600,0.0,0.0
256,2023-12-08 00:00:00-05:00,60.24902359279481,60.42562093297056,59.27773822182821,59.75847625732422,4343700,0.0,0.0
257,2023-12-11 00:00:00-05:00,59.80752942955431,60.44524245403104,59.36603608511496,60.386375427246094,4332500,0.0,0.0
258,2023-12-12 00:00:00-05:00,60.621840537227385,60.64146287973032,59.79772086500007,60.00374984741211,3289900,0.0,0.0
259,2023-12-13 00:00:00-05:00,60.08224052279365,62.132728576660156,59.670178806437804,62.132728576660156,6787200,0.0,0.0
260,2023-12-14 00:00:00-05:00,62.50553990416604,62.66251490009749,61.220308294533226,61.38709259033203,7975200,0.0,0.0
261,2023-12-15 00:00:00-05:00,61.14181756794628,61.181062251702706,60.013557236712884,60.415809631347656,10785700,0.0,0.0
262,2023-12-18 00:00:00-05:00,60.70032441092142,61.38709140836547,60.396187467360924,61.17124938964844,6632200,0.0,0.0
263,2023-12-19 00:00:00-05:00,61.3870957855855,61.41652742929862,60.415814117259515,60.94560241699219,6398800,0.0,0.0
264,2023-12-20 00:00:00-05:00,61.03390003252105,61.269364405881504,60.150917053222656,60.150917053222656,4264500,0.0,0.0
265,2023-12-21 00:00:00-05:00,60.15091814749619,60.71014183399909,59.84677743940998,60.366756439208984,2807700,0.0,0.0
266,2023-12-22 00:00:00-05:00,60.80824845182927,61.24974181095212,60.64146415092688,60.88673782348633,2429300,0.0,0.0
267,2023-12-26 00:00:00-05:00,60.8082469962383,61.32822597199204,60.7984376963056,61.073143005371094,2147500,0.0,0.0
268,2023-12-27 00:00:00-05:00,61.07314305782633,61.14239790000527,60.71697314141701,60.88516616821289,2865900,0.52,0.0
269,2023-12-28 00:00:00-05:00,60.86537964329671,61.36005925310168,60.75654952528267,61.231441497802734,2421900,0.0,0.0
270,2023-12-29 00:00:00-05:00,61.03356809934343,61.2908036065708,60.76644066065617,61.25122833251953,2813300,0.0,0.0
271,2024-01-02 00:00:00-05:00,61.17207969762629,62.824307710893194,61.05335387908421,62.79462814331055,4627600,0.0,0.0
272,2024-01-03 00:00:00-05:00,63.06175878163463,63.24973567606279,62.44835334361571,62.90346145629883,4538600,0.0,0.0
273,2024-01-04 00:00:00-05:00,62.94303069442508,63.56632804170033,62.54728928236436,63.05186080932617,3129300,0.0,0.0
274,2024-01-05 00:00:00-05:00,62.853988216242904,63.27941297043489,62.39888389402547,63.05186080932617,3531000,0.0,0.0
275,2024-01-08 00:00:00-05:00,62.97271630025162,63.0221835067742,62.53739582499871,62.90346145629883,3738900,0.0,0.0
276,2024-01-09 00:00:00-05:00,62.79462857293014,62.79462857293014,62.27026563937948,62.59675598144531,3510800,0.0,0.0
277,2024-01-10 00:00:00-05:00,62.53739237088381,62.547288076105325,61.7854810605954,62.052608489990234,3341200,0.0,0.0
278,2024-01-11 00:00:00-05:00,61.56782152944414,61.67665164347392,60.291547277086124,60.35091018676758,3825900,0.0,0.0
279,2024-01-12 00:00:00-05:00,60.69718716244293,61.00388988197431,60.410275854481384,60.657615661621094,2753600,0.0,0.0
280,2024-01-16 00:00:00-05:00,60.49931538708011,60.69718420386234,59.97495245511105,60.26186752319336,4354400,0.0,0.0
281,2024-01-17 00:00:00-05:00,59.767190505116076,60.35091259759807,59.05485065690594,59.45059585571289,4019600,0.0,0.0
282,2024-01-18 00:00:00-05:00,59.094424636111576,59.351660141928626,58.65910794625189,59.01527786254883,4447800,0.0,0.0
283,2024-01-19 00:00:00-05:00,59.03506093243949,59.272508798150156,58.550277043851175,58.847084045410156,3582400,0.0,0.0
284,2024-01-22 00:00:00-05:00,58.946021528111494,59.30218766128588,58.03580912349498,58.30293655395508,3858700,0.0,0.0
285,2024-01-23 00:00:00-05:00,58.38208426346956,58.71846653973774,58.1248525341378,58.5601692199707,4648400,0.0,0.0
286,2024-01-24 00:00:00-05:00,58.886660602293595,59.12410469907415,57.51145190494645,57.600494384765625,6092700,0.0,0.0
287,2024-01-25 00:00:00-05:00,58.3721930007527,58.6294247330308,57.11570635953871,58.263362884521484,6470000,0.0,0.0
288,2024-01-26 00:00:00-05:00,58.2732574947797,58.975701610207345,58.2732574947797,58.75804138183594,4038900,0.0,0.0
289,2024-01-29 00:00:00-05:00,58.88665968923327,59.480273696086314,58.65910752746941,59.025169372558594,4798800,0.0,0.0
290,2024-01-30 00:00:00-05:00,58.87676374859092,59.53963636856439,58.451342768979394,59.12410354614258,3782900,0.0,0.0
291,2024-01-31 00:00:00-05:00,59.569315316567064,60.02441963354006,58.708573886795385,59.232933044433594,13842700,0.0,0.0
292,2024-02-01 00:00:00-05:00,59.025170658128445,60.4993175501388,58.49091577586113,60.48942184448242,5303200,0.0,0.0
293,2024-02-02 00:00:00-05:00,60.02442168704098,60.03431739267784,58.62942534660843,59.183467864990234,3901800,0.0,0.0
294,2024-02-05 00:00:00-05:00,58.43155559292359,58.65910775557231,57.837937809656374,57.897300720214844,3177000,0.0,0.0
295,2024-02-06 00:00:00-05:00,57.76868236208985,58.164427546785745,57.56091783847211,57.81814956665039,2918500,0.0,0.0
296,2024-02-07 00:00:00-05:00,58.0951717120061,58.10506364310672,57.52134158142157,57.74889373779297,2621200,0.0,0.0
297,2024-02-08 00:00:00-05:00,57.61038755838195,57.61038755838195,56.799113291029215,57.382835388183594,2570900,0.0,0.0
298,2024-02-09 00:00:00-05:00,57.283897919065765,57.580704917661315,57.0563419868999,57.551021575927734,2732700,0.0,0.0
299,2024-02-12 00:00:00-05:00,57.580706990664034,58.47112801850735,57.402622030274195,58.34251403808594,2691100,0.0,0.0
300,2024-02-13 00:00:00-05:00,58.35240324629028,58.57006347085423,56.6210247031643,57.65985107421875,3253400,0.0,0.0
301,2024-02-14 00:00:00-05:00,57.659854015814496,58.13474598754934,57.20474968133185,58.055599212646484,3965900,0.0,0.0
302,2024-02-15 00:00:00-05:00,58.253469916025814,59.035060804478995,58.124852165123585,58.382083892822266,3571400,0.0,0.0
303,2024-02-16 00:00:00-05:00,58.3721933689234,58.63932080841965,57.946768606848536,58.44144821166992,2476100,0.0,0.0
304,2024-02-20 00:00:00-05:00,58.481022447140084,59.21314613577295,58.32272512737305,58.5601692199707,2895100,0.0,0.0
305,2024-02-21 00:00:00-05:00,59.09442580574529,59.529742504221026,58.74815158810617,59.17357635498047,3579100,0.0,0.0
306,2024-02-22 00:00:00-05:00,58.560171230488564,58.87676588089212,57.92698192968143,58.69868469238281,3251200,0.0,0.0
307,2024-02-23 00:00:00-05:00,58.66900134920965,59.3912331313244,58.46123681752717,58.69868469238281,2415400,0.0,0.0
308,2024-02-26 00:00:00-05:00,58.63931999434834,58.63931999434834,57.40262099946358,57.43230056762695,2418900,0.0,0.0
309,2024-02-27 00:00:00-05:00,57.52134139462559,57.966553774821975,57.39272364610091,57.65985107421875,5752600,0.0,0.0
310,2024-02-28 00:00:00-05:00,57.570810313938715,57.63017322443597,56.88815382669645,57.05634307861328,6761900,0.0,0.0
311,2024-02-29 00:00:00-05:00,56.73974709390987,56.779322366637565,51.54561143273029,52.12933349609375,22782200,0.0,0.0
312,2024-03-01 00:00:00-05:00,51.11029469581607,51.11029469581607,48.45881181182468,49.04253387451172,19038400,0.0,0.0
313,2024-03-04 00:00:00-05:00,48.51817565163848,50.665083285387865,48.00370841922206,50.51668167114258,10184200,0.0,0.0
314,2024-03-05 00:00:00-05:00,50.59583040184463,51.08061808499317,47.79594574439272,48.132328033447266,12549200,0.0,0.0
315,2024-03-06 00:00:00-05:00,48.75561858413946,49.48774602895806,46.292116369681786,47.924556732177734,14401900,0.0,0.0
316,2024-03-07 00:00:00-05:00,48.448920011685814,50.24955340841427,48.17189687626977,49.50753402709961,17186900,0.0,0.0
317,2024-03-08 00:00:00-05:00,49.54711169092637,50.853065563134265,49.35913102316077,50.477108001708984,8848600,0.0,0.0
318,2024-03-11 00:00:00-04:00,52.208486620090945,52.7328458002606,51.57529732159794,52.34699630737305,9838100,0.0,0.0
319,2024-03-12 00:00:00-04:00,52.06997575112183,52.436037598360755,51.090508482545886,51.34774398803711,8809700,0.0,0.0
320,2024-03-13 00:00:00-04:00,51.506042184383055,51.89189167507134,50.8728491153932,50.95199966430664,5420000,0.0,0.0
321,2024-03-14 00:00:00-04:00,50.779998779296875,51.900001525878906,50.7599983215332,51.880001068115234,11860000,0.548,0.0
